{
    "loss": 2.325674295425415,
    "accuracy": 0.7647058963775635
}