{
    "loss": 0.20281176269054413,
    "accuracy": 0.9411764740943909
}